# timestamps [seconds],pts
2.201532,0
2.240788,2572
2.274054,4752
2.315111,7443
2.359265,10337
2.396887,12802
2.440536,15663
2.484144,18520
2.524693,21178
2.560610,23532
2.597708,25963
2.639859,28725
2.680977,31420
2.725210,34319
2.764647,36903
2.806041,39616
2.847009,42301
2.883946,44722
2.929711,47721
2.965789,50085
3.006152,52730
3.046969,55405
3.085610,57938
3.126311,60605
3.167302,63291
3.204931,65757
3.246606,68488
3.288397,71227
3.325886,73684
3.366195,76326
3.407270,79018
3.441616,81268
3.480401,83810
3.520680,86450
3.560782,89078
3.600573,91686
3.648379,94819
3.686284,97303
3.727772,100022
3.770685,102834
3.800974,104819
3.841476,107473
3.889700,110634
3.927027,113080
3.964898,115562
4.009001,118452
4.046282,120895
4.090121,123768
4.127752,126234
4.166295,128760
4.206944,131424
4.250371,134270
4.285564,136577
4.328070,139362
4.368848,142035
4.408863,144657
4.446137,147100
4.487680,149822
4.525412,152295
4.565936,154951
4.606005,157577
4.646143,160207
4.682747,162606
4.727980,165570
4.766120,168070
4.806914,170743
4.847653,173413
4.885180,175872
4.925957,178545
4.968044,181303
5.005664,183768
5.048545,186578
5.088684,189209
5.126482,191686
5.167454,194371
5.208510,197062
5.246095,199525
5.288522,202305
5.328867,204949
5.366097,207389
5.408657,210178
5.451466,212984
5.478974,214787
5.519077,217415
5.557832,219955
5.597872,222579
5.637175,225154
5.676292,227718
5.716366,230344
5.757372,233031
5.798757,235744
5.838583,238354
5.875402,240767
5.916667,243471
5.955107,245990
5.995873,248662
6.036334,251313
6.077151,253988
6.116835,256589
6.158536,259322
6.197511,261876
6.239338,264617
6.276043,267023
6.318179,269784
6.356972,272326
6.397597,274989
6.442732,277947
6.484409,280678
6.521920,283136
6.561164,285708
6.602682,288429
6.640905,290934
6.682070,293632
6.722753,296298
6.762589,298908
6.800899,301419
6.841786,304099
6.881065,306673
6.919845,309214
6.960936,311907
7.002289,314617
7.044380,317376
7.083434,319935
7.132931,323179
7.172045,325742
7.212889,328419
7.251988,330981
7.287256,333292
7.333322,336311
7.371209,338794
7.409553,341307
7.456251,344368
7.492326,346732
7.525959,348936
7.560026,351168
7.598898,353716
7.639183,356356
7.684179,359305
7.731794,362425
7.765737,364650
7.812205,367695
7.848991,370106
7.891334,372881
7.932539,375581
7.969486,378002
8.010837,380712
8.051183,383356
8.089640,385877
8.121283,387950
8.162682,390663
8.202321,393261
8.243960,395990
8.284666,398658
8.330519,401663
8.371734,404364
8.412728,407050
8.451337,409580
8.492386,412271
8.533293,414951
8.570704,417403
8.611858,420100
8.659101,423196
8.686398,424985
8.722275,427336
8.761312,429895
8.805209,432771
8.844826,435368
8.884769,437985
8.930354,440973
8.972468,443733
9.011221,446272
9.050054,448817
9.093255,451649
9.131726,454170
9.170115,456686
9.213755,459546
9.243815,461516
9.285219,464229
9.325392,466862
9.365870,469514
9.403442,471977
9.447840,474886
9.492020,477782
9.528894,480198
9.570628,482933
9.612101,485651
9.653873,488389
9.686387,490519
9.733920,493635
9.767091,495808
9.803621,498202
9.843067,500787
9.881142,503283
9.922026,505962
9.959176,508397
10.001877,511195
10.052724,514527
10.087997,516839
10.130146,519601
10.171602,522318
10.212943,525027
10.249531,527425
10.292529,530243
10.329177,532645
10.370147,535330
10.412063,538077
10.445524,540270
10.486950,542984
10.521215,545230
10.561571,547875
10.611772,551165
10.645860,553399
10.694116,556561
10.730466,558943
10.764576,561179
10.815864,564540
10.850693,566822
10.895989,569791
10.932098,572157
10.970035,574643
11.009199,577210
11.042158,579370
11.081776,581966
11.121465,584567
11.166035,587488
11.208362,590262
11.242057,592470
11.285466,595315
11.330226,598248
11.372761,601036
11.413438,603702
11.453509,606328
11.491579,608823
11.531784,611458
11.570243,613978
11.608449,616482
11.643904,618805
11.680334,621193
11.719768,623777
11.765454,626771
11.812032,629824
11.856691,632750
11.891466,635029
11.931190,637633
11.973911,640432
12.005788,642521
12.050426,645447
12.092245,648187
12.133132,650867
12.169842,653273
12.201067,655319
12.241211,657950
12.280912,660552
12.322234,663260
12.365750,666112
12.412925,669203
12.452252,671780
12.491179,674332
12.530407,676902
12.571333,679584
12.613059,682319
12.650109,684747
12.697022,687821
12.738265,690524
12.759882,691941
12.800942,694632
12.842118,697330
12.881325,699900
12.925988,702827
12.975726,706086
13.015279,708678
13.058568,711515
13.093446,713801
13.137508,716689
13.175923,719206
13.215104,721774
13.259483,724682
13.297828,727195
13.335840,729686
13.365374,731622
13.404205,734167
13.446114,736913
13.484756,739446
13.525762,742133
13.577077,745496
13.614228,747931
13.655795,750655
13.694292,753178
13.733873,755771
13.775696,758512
13.816236,761169
13.853005,763579
13.898678,766572
13.940114,769287
13.965127,770927
14.007224,773686
14.044905,776155
14.083848,778707
14.125803,781457
14.174051,784619
14.215963,787365
14.258886,790178
14.295234,792560
14.336005,795232
14.377948,797981
14.417394,800566
14.455778,803082
14.497555,805819
14.534402,808234
14.564112,810181
14.611601,813293
14.645571,815520
14.685906,818163
14.728011,820922
14.775573,824039
14.813859,826548
14.852282,829066
14.894376,831825
14.937506,834652
14.976823,837228
15.014582,839703
15.057947,842545
15.097358,845127
15.135584,847633
15.164861,849551
15.206136,852256
15.246700,854915
15.287634,857597
15.329395,860334
15.375609,863363
15.416329,866031
15.459398,868854
15.497228,871333
15.532322,873633
15.576034,876497
15.614593,879024
15.652471,881507
15.697854,884481
15.733499,886817
15.763709,888797
15.807694,891679
15.846644,894232
15.885550,896782
15.928765,899614
15.975511,902677
16.012698,905114
16.058329,908105
16.103476,911063
16.131216,912881
16.176989,915881
16.211005,918110
16.249368,920624
16.297143,923755
16.332426,926068
16.367074,928338
16.404659,930801
16.443430,933342
16.486363,936156
16.524349,938645
16.569434,941600
16.609717,944240
16.656974,947337
16.689812,949489
16.729504,952090
16.778152,955278
16.810198,957378
16.848857,959912
16.889416,962570
16.929337,965186
16.969861,967842
17.025315,971476
17.052495,973257
17.088842,975639
17.127232,978155
17.173112,981162
17.211850,983701
17.249268,986153
17.291243,988904
17.330109,991451
17.373892,994320
17.404998,996359
17.447180,999123
17.488788,1001850
17.528602,1004459
17.569116,1007114
17.608321,1009683
17.645255,1012104
17.685464,1014739
17.723581,1017237
17.768608,1020188
17.809789,1022887
17.857818,1026034
17.887762,1027997
17.929602,1030739
17.978324,1033932
18.016261,1036418
18.060155,1039294
18.096828,1041698
18.137720,1044378
18.173577,1046727
18.221307,1049855
18.254138,1052007
18.287396,1054187
18.324339,1056608
18.362961,1059139
18.406529,1061994
18.448072,1064716
18.495163,1067803
18.529408,1070047
18.576002,1073100
18.615575,1075694
18.655364,1078301
18.694632,1080875
18.738643,1083759
18.772797,1085997
18.816498,1088861
18.847079,1090865
18.886058,1093420
18.926308,1096058
18.965008,1098594
19.008630,1101453
19.049134,1104107
19.096052,1107182
19.136480,1109831
19.177575,1112524
19.217281,1115127
19.256738,1117712
19.297686,1120396
19.336733,1122955
19.376001,1125528
19.416279,1128168
19.452608,1130549
19.486504,1132770
19.529925,1135616
19.567284,1138064
19.610284,1140882
19.655732,1143860
19.691609,1146212
19.731045,1148796
19.777509,1151841
19.819427,1154588
19.852409,1156750
19.899847,1159859
19.932947,1162028
19.979385,1165071
20.019289,1167686
20.053558,1169932
20.088541,1172225
20.131289,1175026
20.169298,1177517
20.209794,1180171
20.256081,1183204
20.292652,1185601
20.333023,1188247
20.378968,1191258
20.421470,1194043
20.461520,1196668
20.499384,1199149
20.537508,1201648
20.582348,1204586
20.616746,1206841
20.653627,1209258
20.690389,1211667
20.735403,1214617
20.768433,1216781
20.808107,1219381
20.851717,1222239
20.890573,1224786
20.932044,1227504
20.976907,1230444
21.013022,1232810
21.056705,1235673
21.101149,1238586
21.137245,1240951
21.179541,1243723
21.221756,1246490
21.256300,1248754
21.290134,1250971
21.335114,1253919
21.369852,1256195
21.410276,1258845
21.459284,1262056
21.497632,1264569
21.541997,1267477
21.580864,1270024
21.616874,1272384
21.655154,1274893
21.700760,1277881
21.737010,1280257
21.777653,1282921
21.817350,1285522
21.857313,1288141
21.892536,1290449
21.933812,1293154
21.967105,1295336
22.007808,1298004
22.052850,1300956
22.094289,1303671
22.130444,1306041
22.179273,1309241
22.215810,1311635
22.259450,1314495
22.297250,1316972
22.338299,1319663
22.381077,1322466
22.417524,1324855
22.460249,1327655
22.499449,1330223
22.533994,1332487
22.569322,1334803
22.610648,1337511
22.648358,1339982
22.698007,1343236
22.733229,1345544
22.781488,1348707
22.819060,1351169
22.861530,1353952
22.898383,1356368
22.937369,1358923
22.976936,1361516
23.018564,1364244
23.061721,1367072
23.101229,1369661
23.139526,1372171
23.174153,1374440
23.207930,1376654
23.252548,1379578
23.288532,1381936
23.328127,1384531
23.375841,1387658
23.415335,1390246
23.459887,1393166
23.498292,1395683
23.539683,1398395
23.579268,1400989
23.612095,1403141
23.652359,1405779
23.700314,1408922
23.741369,1411613
23.779911,1414139
23.808333,1416001
23.856070,1419130
23.889348,1421311
23.926624,1423753
23.971492,1426694
24.009530,1429187
24.052486,1432002
24.095630,1434829
24.129831,1437071
24.171392,1439794
24.215988,1442717
24.261346,1445689
24.301324,1448309
24.336764,1450632
24.373843,1453062
24.427512,1456579
24.459188,1458655
24.491832,1460794
24.529972,1463294
24.569823,1465905
24.611089,1468610
24.655036,1471490
24.694617,1474084
24.731406,1476495
24.776459,1479447
24.819251,1482252
24.855052,1484598
24.896979,1487346
24.939239,1490115
24.979023,1492722
25.014243,1495031
25.062332,1498182
25.088333,1499886
25.129302,1502571
25.178284,1505781
25.212711,1508037
25.255680,1510853
25.298058,1513630
25.333581,1515958
25.369481,1518311
25.415774,1521345
25.454262,1523867
25.497979,1526732
25.537785,1529341
25.574576,1531752
25.619508,1534697
25.657645,1537196
25.701759,1540087
25.730903,1541997
25.771917,1544685
25.809854,1547171
25.848191,1549683
25.894969,1552749
25.933842,1555296
25.981467,1558418
26.017309,1560766
26.060054,1563568
26.101098,1566258
26.139126,1568750
26.182979,1571624
26.221534,1574150
26.264231,1576948
26.300928,1579353
26.332686,1581435
26.372892,1584070
26.411945,1586629
26.458430,1589675
26.498139,1592278
26.538891,1594948
26.582375,1597798
26.619653,1600241
26.664391,1603173
26.703039,1605706
26.742940,1608321
26.783501,1610979
26.825090,1613704
26.864957,1616317
26.904367,1618900
26.937651,1621081
26.975339,1623551
27.016517,1626250
27.059770,1629084
27.094598,1631367
27.138912,1634271
27.180801,1637016
27.215273,1639275
27.255256,1641895
27.303034,1645026
27.341711,1647561
27.385171,1650409
27.422331,1652845
27.463012,1655511
27.504972,1658260
27.541004,1660622
27.573053,1662722
27.616585,1665575
27.652455,1667926
27.694241,1670664
27.736393,1673427
27.776348,1676045
27.815089,1678584
27.859476,1681493
27.895837,1683876
27.938853,1686695
27.981488,1689489
28.018061,1691886
28.058951,1694565
28.104005,1697518
28.140142,1699886
28.172809,1702027
28.212514,1704629
28.251738,1707200
28.299198,1710310
28.338383,1712878
28.379095,1715546
28.417868,1718087
28.463640,1721087
28.502733,1723649
28.541859,1726213
28.584357,1728998
28.622435,1731493
28.659072,1733894
28.711530,1737332
28.741833,1739318
28.778561,1741725
28.813139,1743991
28.853661,1746647
28.891503,1749127
28.934464,1751942
28.983028,1755125
29.023346,1757767
29.063022,1760367
29.100412,1762818
29.150617,1766108
29.175891,1767764
29.224821,1770971
29.257870,1773137
29.298505,1775800
29.339483,1778485
29.377998,1781009
29.414674,1783413
29.454387,1786015
29.495150,1788687
29.533177,1791179
29.577380,1794076
29.619220,1796818
29.663845,1799742
29.701352,1802200
29.744150,1805005
29.782249,1807502
29.821777,1810092
29.857910,1812460
29.904210,1815495
29.943857,1818093
29.982423,1820620
30.028427,1823635
30.059512,1825672
30.093101,1827873
30.131199,1830370
30.179705,1833549
30.217395,1836019
30.264478,1839105
30.299063,1841371
30.338332,1843945
30.382908,1846866
30.422286,1849447
30.456132,1851665
30.501592,1854644
30.545433,1857517
30.583790,1860031
30.625744,1862780
30.664777,1865338
30.698048,1867519
30.736731,1870054
30.772605,1872405
30.813619,1875093
30.857031,1877938
30.901756,1880869
30.943613,1883612
30.983254,1886210
31.021519,1888717
31.063428,1891464
31.103209,1894071
31.144550,1896780
31.182898,1899293
31.222583,1901894
31.259607,1904320
31.291608,1906418
31.333548,1909166
31.373519,1911786
31.418384,1914726
31.462065,1917589
31.502178,1920217
31.547145,1923164
31.583431,1925542
31.626459,1928362
31.663579,1930795
31.699522,1933150
31.742506,1935967
31.779068,1938363
31.826705,1941485
31.864692,1943975
31.901975,1946418
31.937351,1948736
31.972443,1951036
32.015604,1953865
32.057080,1956583
32.104321,1959679
32.143587,1962252
32.183928,1964896
32.222499,1967424
32.262886,1970070
32.303548,1972735
32.342961,1975318
32.384032,1978010
32.422497,1980530
32.459424,1982950
32.500679,1985654
32.537985,1988099
32.578526,1990756
32.617031,1993279
32.667272,1996572
32.707741,1999224
32.740769,2001388
32.786548,2004389
32.828452,2007135
32.868918,2009787
32.906018,2012218
32.940224,2014460
32.980087,2017072
33.029224,2020292
33.065025,2022639
33.108058,2025459
33.140622,2027593
33.179900,2030167
33.217627,2032639
33.262090,2035553
33.302738,2038217
33.344437,2040950
33.385846,2043664
33.429245,2046508
33.462323,2048675
33.508749,2051718
33.547152,2054235
33.586030,2056783
33.628409,2059560
33.667863,2062146
33.702612,2064423
33.745877,2067258
33.780379,2069519
33.819753,2072100
33.859376,2074696
33.902062,2077494
33.944469,2080273
33.987554,2083096
34.025201,2085564
34.064933,2088167
34.105347,2090816
34.144595,2093388
34.189157,2096309
34.218466,2098229
34.263722,2101195
34.307317,2104052
34.349428,2106812
34.377428,2108647
34.418535,2111341
34.455448,2113760
34.503238,2116892
34.549332,2119913
34.585729,2122298
34.625398,2124898
34.668479,2127721
34.707740,2130294
34.745253,2132752
34.783777,2135277
34.826453,2138074
34.866922,2140726
34.906929,2143348
34.946479,2145940
34.978288,2148024
35.016970,2150559
35.058657,2153291
35.099970,2155999
35.140584,2158660
35.182183,2161386
35.222093,2164002
35.258835,2166410
35.305964,2169498
35.347292,2172207
35.387479,2174841
35.427278,2177449
35.466594,2180025
35.506955,2182670
35.546033,2185231
35.583025,2187656
35.625972,2190470
35.656810,2192491
35.695566,2195031
35.736349,2197704
35.782418,2200723
35.820022,2203187
35.858904,2205735
35.906418,2208849
35.947964,2211572
35.986361,2214088
36.026144,2216695
36.064347,2219199
36.107987,2222059
36.145342,2224507
36.189740,2227417
36.227946,2229921
36.258463,2231920
36.301976,2234772
36.338377,2237158
36.385327,2240235
36.423219,2242718
36.463842,2245380
36.505913,2248137
36.546604,2250804
36.584279,2253273
36.620697,2255659
36.658463,2258134
36.699343,2260814
36.746424,2263899
36.783654,2266339
36.827927,2269240
36.859668,2271320
36.897090,2273773
36.936470,2276354
36.980184,2279218
37.018492,2281729
37.058937,2284380
37.106233,2287479
37.145642,2290062
37.188041,2292840
37.226004,2295328
37.267845,2298070
37.305572,2300543
37.341757,2302914
37.381251,2305502
37.428331,2308588
37.463403,2310886
37.499300,2313239
37.540397,2315932
37.577359,2318354
37.617635,2320994
37.661845,2323891
37.705794,2326771
37.745464,2329371
37.787481,2332125
37.826618,2334690
37.868067,2337406
37.902435,2339658
37.945438,2342476
37.984841,2345059
38.027245,2347838
38.058486,2349885
38.102530,2352771
38.138937,2355157
38.177711,2357698
38.216410,2360235
38.265635,2363460
38.304342,2365997
38.340351,2368357
38.381332,2371043
38.421163,2373653
38.458976,2376131
38.500495,2378852
38.545727,2381816
38.586032,2384458
38.624784,2386997
38.667824,2389818
38.705414,2392281
38.737346,2394374
38.778279,2397057
38.817522,2399628
38.859651,2402389
38.904597,2405335
38.942344,2407809
38.988942,2410862
39.029919,2413548
39.071515,2416274
39.108325,2418686
39.145732,2421138
39.192471,2424201
39.230443,2426689
39.261201,2428705
39.311455,2431998
39.350744,2434573
39.386449,2436913
39.422277,2439261
39.463199,2441943
39.502426,2444514
39.546624,2447410
39.589433,2450216
39.627607,2452717
39.671382,2455586
39.711465,2458213
39.754122,2461008
39.792301,2463511
39.830756,2466031
39.871126,2468676
39.912083,2471360
39.950645,2473888
39.988217,2476350
40.024942,2478757
40.062880,2481243
40.101077,2483746
40.145014,2486626
40.191318,2489660
40.234428,2492485
40.271782,2494933
40.310933,2497499
40.344839,2499721
40.390716,2502728
40.424050,2504912
40.464665,2507574
40.503736,2510134
40.549500,2513134
40.605823,2516825
40.622255,2517902
40.661180,2520453
40.699581,2522969
40.745097,2525952
40.793074,2529096
40.826592,2531293
40.872665,2534312
40.911199,2536838
40.953470,2539608
40.990342,2542024
41.029836,2544612
41.071091,2547316
41.111936,2549993
41.149107,2552429
41.186492,2554879
41.232409,2557888
41.261787,2559813
41.301615,2562423
41.341468,2565035
41.386472,2567985
41.426000,2570575
41.466909,2573256
41.508800,2576001
41.542423,2578205
41.584843,2580985
41.629529,2583913
41.672835,2586751
41.707768,2589041
41.743743,2591398
41.784944,2594098
41.838543,2597611
41.863971,2599277
41.899888,2601631
41.942611,2604431
41.981409,2606974
42.030034,2610160
42.071668,2612889
42.108353,2615293
42.154248,2618301
42.192700,2620821
42.229854,2623256
42.271155,2625962
42.315566,2628873
42.350826,2631183
42.390877,2633808
42.429794,2636359
42.462988,2638534
42.502695,2641136
42.541246,2643663
42.580893,2646261
42.627609,2649322
42.669770,2652085
42.710063,2654726
42.752796,2657527
42.792349,2660119
42.829087,2662526
42.867688,2665056
42.913437,2668054
42.953663,2670690
42.992113,2673210
43.032993,2675889
43.070003,2678315
43.107613,2680780
43.142563,2683070
43.181628,2685630
43.220851,2688201
43.261647,2690874
43.309164,2693988
43.343844,2696261
43.387568,2699126
43.429140,2701851
43.473921,2704786
43.510665,2707194
43.549366,2709730
43.589012,2712328
43.632831,2715200
43.670123,2717644
43.704238,2719879
43.742420,2722382
43.781012,2724911
43.825134,2727802
43.871799,2730860
43.911037,2733432
43.949863,2735976
43.992457,2738768
44.030691,2741273
44.072440,2744009
44.113634,2746709
44.150641,2749134
44.183476,2751286
44.224763,2753992
44.269468,2756922
44.306601,2759355
44.345632,2761913
44.384172,2764439
44.421350,2766875
44.461512,2769507
44.509533,2772654
44.554329,2775590
44.588060,2777801
44.631187,2780627
44.671786,2783288
44.712872,2785980
44.749873,2788405
44.794450,2791326
44.833340,2793875
44.869053,2796215
44.911480,2798996
44.939888,2800858
44.981486,2803584
45.024435,2806398
45.062240,2808876
45.104778,2811664
45.145523,2814334
45.195948,2817639
45.231588,2819974
45.271820,2822611
45.314291,2825394
45.349839,2827724
45.389981,2830355
45.435193,2833317
45.469023,2835535
45.510007,2838220
45.556463,2841265
45.587513,2843300
45.625256,2845773
45.664803,2848365
45.716585,2851758
45.755080,2854281
45.794446,2856861
45.836176,2859596
45.878113,2862344
45.915342,2864784
45.957757,2867564
45.990208,2869690
46.039238,2872904
46.073154,2875126
46.120161,2878207
46.148041,2880034
46.187256,2882604
46.226680,2885188
46.265226,2887714
46.305381,2890345
46.349540,2893239
46.396233,2896299
46.438306,2899056
46.477639,2901634
46.516493,2904180
46.556063,2906774
46.596938,2909452
46.634362,2911905
46.673977,2914501
46.717290,2917340
46.748691,2919398
46.785450,2921807
46.827718,2924577
46.868237,2927232
46.907204,2929786
46.950146,2932600
46.995474,2935570
47.036101,2938233
47.076253,2940864
47.118331,2943622
47.156517,2946124
47.195801,2948699
47.231468,2951036
47.270450,2953591
47.317802,2956694
47.354733,2959115
47.389333,2961382
47.427079,2963856
47.465121,2966349
47.506912,2969088
47.549538,2971881
47.594573,2974832
47.638944,2977740
47.675258,2980120
47.713581,2982632
47.757007,2985478
47.796615,2988073
47.841036,2990984
47.874462,2993175
47.920159,2996170
47.952167,2998267
47.985940,3000481
48.025366,3003064
48.064408,3005623
48.110304,3008631
48.155014,3011561
48.193810,3014103
48.231274,3016559
48.277168,3019566
48.309735,3021701
48.348645,3024251
48.389644,3026937
48.429882,3029574
48.468772,3032123
48.511034,3034893
48.557298,3037925
48.584549,3039711
48.624754,3042345
48.668219,3045194
48.703936,3047535
48.748647,3050465
48.789484,3053141
48.833530,3056027
48.875357,3058769
48.913156,3061246
48.954835,3063977
48.995154,3066620
49.034153,3069175
49.073975,3071785
49.117089,3074611
49.156335,3077183
49.185012,3079062
49.226862,3081805
49.267521,3084469
49.305659,3086968
49.346251,3089629
49.395141,3092833
49.432494,3095281
49.481140,3098469
49.515475,3100719
49.556031,3103377
49.597964,3106125
49.633824,3108475
49.676970,3111302
49.713189,3113676
49.757857,3116603
49.794549,3119008
49.827193,3121147
49.867129,3123764
49.903443,3126144
49.944625,3128843
49.994979,3132143
50.034299,3134720
50.073982,3137321
50.113484,3139909
50.157084,3142767
50.196151,3145327
50.234605,3147847
50.272615,3150338
50.315349,3153138
50.353815,3155659
50.397949,3158552
50.428225,3160536
50.466188,3163024
50.505381,3165592
50.543782,3168109
50.593701,3171380
50.634186,3174033
50.675839,3176763
50.714347,3179287
50.753558,3181857
50.795883,3184630
50.835589,3187232
50.875265,3189833
50.915641,3192479
50.954568,3195030
50.991694,3197463
51.035893,3200359
51.064929,3202262
51.103666,3204801
51.149041,3207775
51.184846,3210121
51.230163,3213091
51.271441,3215796
51.310083,3218328
51.350308,3220965
51.388984,3223499
51.431193,3226265
51.472826,3228994
51.517396,3231915
51.556605,3234484
51.597199,3237145
51.636598,3239727
51.675868,3242300
51.706290,3244294
51.743891,3246758
51.785296,3249471
51.826382,3252164
51.868355,3254915
51.913152,3257851
51.951134,3260340
51.996877,3263337
52.032726,3265687
52.079905,3268779
52.118425,3271303
52.159098,3273969
52.199848,3276639
52.241985,3279401
52.281684,3282002
52.320168,3284524
52.353894,3286735
52.388028,3288972
52.429144,3291666
52.476056,3294740
52.516479,3297390
52.556030,3299982
52.599239,3302813
52.641752,3305599
52.680095,3308112
52.719612,3310702
52.759980,3313347
52.797925,3315834
52.838220,3318475
52.880688,3321258
52.913631,3323417
52.957680,3326304
53.003503,3329307
53.044388,3331986
53.070226,3333679
53.108611,3336195
53.149024,3338843
53.197783,3342039
53.236613,3344584
53.276686,3347210
53.316930,3349847
53.353492,3352243
53.397627,3355136
53.435339,3357607
53.473467,3360106
53.520497,3363188
53.558215,3365660
53.589533,3367712
53.628868,3370290
53.669296,3372939
53.710746,3375656
53.751288,3378313
53.801196,3381583
53.840779,3384178
53.879057,3386686
53.922662,3389544
53.952493,3391499
53.992012,3394089
54.037346,3397060
54.073851,3399452
54.121735,3402590
54.157976,3404965
54.198401,3407614
54.229320,3409641
54.270426,3412334
54.308403,3414823
54.350135,3417558
54.396624,3420605
54.439878,3423440
54.477904,3425932
54.517185,3428506
54.556711,3431096
54.598992,3433867
54.633186,3436108
54.673658,3438760
54.710901,3441201
54.758397,3444314
54.797522,3446878
54.830677,3449051
54.869768,3451612
54.912426,3454408
54.948705,3456785
54.996277,3459903
55.031390,3462204
55.071372,3464824
55.118155,3467890
55.161189,3470711
55.201613,3473360
55.236700,3475659
55.277263,3478318
55.319422,3481080
55.357820,3483597
55.404037,3486626
55.440381,3489007
55.469933,3490944
55.516105,3493970
55.547829,3496049
55.592979,3499008
55.632490,3501597
55.677631,3504556
55.715050,3507008
55.753212,3509509
55.799720,3512557
55.837142,3515009
55.877645,3517664
55.918600,3520348
55.953486,3522634
55.997587,3525524
56.038508,3528206
56.075868,3530654
56.107027,3532696
56.147709,3535362
56.188600,3538042
56.235061,3541087
56.274687,3543684
56.315368,3546350
56.352158,3548761
56.394958,3551566
56.431826,3553982
56.469368,3556442
56.509938,3559101
56.556253,3562136
56.594424,3564638
56.634049,3567235
56.688977,3570834
56.708870,3572138
56.751734,3574947
56.789138,3577398
56.831234,3580157
56.874080,3582965
56.913410,3585542
56.951687,3588051
56.991948,3590689
57.028906,3593111
57.074372,3596091
57.110711,3598473
57.158180,3601583
57.192170,3603811
57.232385,3606446
57.278303,3609456
57.309472,3611498
57.346380,3613917
57.396078,3617174
57.431516,3619497
57.469169,3621964
57.519841,3625285
57.556130,3627663
57.600247,3630554
